"Queue","Count","Age"
trms_us_ari_concessionsabusecapdnrreferrals_wrk_amz,8944,193836
trms_us_ari_f3concessionsabuse_wrk_amz,3003,984149
trms_us_ari_concessionaccinvestigation_wrk_amz,1786,384249
trms_us_ari_psi_transfer_acc_level_wrk_amz,1707,413956
trms_us_ari_concessions_abuse_high_pri_capdnr_referrals_wrk_amz,1642,193832
trms_us_ari_acclinkageinvestigation_wrk_amz,1229,334903
trms_us_ari_mfnegregious_wrk_amz,1132,1104383
trms_us_pi_ari_claims_atoz_ari_abuse_abc_wrk_amz,756,99444
trms_us_ari_email_ofm_wrk_amz,607,113271
trms_us_ari_dnr_concessions_abuse_wrk_amz,510,382151
trms_us_ari_email_ari_ecresc_wrk_amz,328,329023
trms_us_ari_email_maa_emails_wrk_amz,298,113183
trms_us_ari_abdrop_ship_abuse_referrals_wrk_amz,294,88916
trms_us_ari_sellerinitiatedrefund_wrk_amz,288,41578
trms_us_ari_cap_high_risk_wrk_amz,283,219953
trms_us_ari_trustedsellerreferral_wrk_amz,281,302218
trms_us_ari_email_contra_ari_wrk_amz,224,113784
trms_us_ari_email_dnr_emails_wrk_amz,172,113544
trms_us_ari_email_arm_appeals_wrk_amz,128,110930
trms_us_ari_concessions_abuse_risky_mfn_orders_wrk_amz,115,14549
trms_us_ari_drop_ship_abuse_referrals_wrk_amz,100,88932
trms_us_ari_retrocharge_wrk_amz,90,108566
trms_us_ari_afnbearsrefundapproval_wrk_amz,81,40787
trms_us_ari_email_mfn_emails_wrk_amz,60,113407
trms_us_ari_afnrefundapproval_wrk_amz,59,6645
trms_us_ari_pfw_high_risk_wrk_amz,52,17611
trms_us_ari_concessionsabuseflrrferrals_highrisk_intransit_wrk_amz,51,412906
trms_us_ari_mdr_acc_investigation_high_risk_wrk_amz,48,414926
trms_us_ari_email_buyer_returns_wrk_amz,47,111601
trms_us_ari_ff_concessions_abuserefundapproval_wrk_amz,46,42917
trms_us_ari_email_ari_rcr_wrk_amz,45,29700
trms_us_ari_afn_holistic_refund_approval_wrk_amz,36,12096
trms_us_ari_email_rqla_wrk_amz,33,4521032
trms_us_ari_pdarefundapproval_wrk_amz,33,41932
trms_us_ari_email_neat_wrk_amz,29,108742
trms_us_ari_psi_transfer_concession_level_wrk_amz,23,15750
trms_us_ari_concessions_abusepfocpersona_wrk_amz,16,15587
trms_us_ari_email_nsr_appeal_wrk_amz,16,3525399
trms_us_ari_email_aba_wrk_amz,10,44263
trms_us_ari_email_mfn_retrocharge_wrk_amz,9,41633
trms_us_ari_email_pna_appeals_wrk_amz,6,56896
trms_us_ari_ari_b2bconcessions_abusecapdnrreferrals_wrk_amz,5,6595
trms_us_ari_email_qla_wrk_amz,3,40035
trms_us_ari_armholisticrefundapproval_wrk_amz,2,4712
trms_us_ari_email_dsappeal_wrk_amz,2,44593
trms_us_ari_afn_flr_refund_approval_wrk_amz,1,41.6
trms_us_ari_bearsconcessions_abuseriskyorders_wrk_amz,1,742
trms_us_ari_in_transit_wrk_amz,1,452
trms_us_email_ari_lastword_wrk_amz,1,86395
trms_ca_ari_concessions_abuse_cap_dnr_referrals_wrk_amz,709,193794
trms_ca_ari_buyer_claims_abuse_wrk_amz,349,359934
trms_ca_ari_concessions_abuse_high_pri_capdnr_referrals_wrk_amz,230,193690
trms_ca_ari_psi_transfer_acc_level_wrk_amz,202,412878
trms_ca_ari_barsconcessionabuse_wrk_amz,170,421585
trms_ca_pi_ari_claims_atoz_ari_abuse_abc_wrk_amz,123,98958
trms_ca_ari_dnr_concessions_abuse_wrk_amz,117,362904
trms_ca_ari_email_ofm_wrk_amz,97,112871
trms_ca_ari_acclinkageinvestigation_wrk_amz,85,421680
trms_ca_ari_cap_high_risk_wrk_amz,78,220065
trms_ca_ari_mfnegregious_wrk_amz,77,375512
trms_ca_ari_email_arm_appeals_wrk_amz,38,103134
trms_ca_ari_trustedsellerreferral_wrk_amz,31,421908
trms_ca_ari_b2b_concessionsabuse_wrk_amz,29,2855195
trms_ca_ari_email_dnr_emails_wrk_amz,24,112409
trms_ca_ari_email_contra_ari_wrk_amz,15,112775
trms_ca_ari_email_maa_emails_wrk_amz,13,99149
trms_ca_ari_high_risk_accinvestigation_wrk_amz,13,392056
trms_ca_ari_email_dsappeal_wrk_amz,8,4014518
trms_ca_ari_ari_concessions_abusepfocpersona_wrk_amz,6,20400
trms_ca_ari_email_mfn_emails_wrk_amz,6,108505
trms_ca_ari_sellerinitiatedrefund_wrk_amz,6,39449
trms_ca_ari_afnhighriskrefundapproval_wrk_amz,4,32089
trms_ca_ari_email_ari_esc_wrk_amz,4,183678
trms_ca_ari_afnrefundapproval_wrk_amz,3,4724
trms_ca_ari_afnbearsrefundapproval_wrk_amz,1,42042
trms_ca_ari_ari_b2bconcessions_abusecapdnrreferrals_wrk_amz,1,691
trms_ca_ari_email_ari_rcr_wrk_amz,1,2878
trms_ca_ari_email_qla_wrk_amz,1,31260
trms_ca_ari_psi_transfer_concession_level_wrk_amz,1,600
trms_mx_ari_concessionsabusecapdnrreferrals_wrk_amz,370,231278
trms_mx_ari_concessions_abuse_high_pri_capdnr_referrals_wrk_amz,170,221036
trms_mx_ari_ari_buyerclaimsabuse_wrk_amz,140,420740
trms_mx_ari_nsr_concessions_abuse_wrk_amz,99,414146
trms_mx_ari_acclinkageinvestigation_wrk_amz,90,421938
trms_mx_ari_mfnegregious_wrk_amz,54,109637
trms_mx_ari_in_transit_wrk_amz,41,385607
trms_mx_ari_concessionsabuse_flrreferrals_wrk_amz,30,125020
trms_mx_ari_ari_email_ofm_sg_wrk_amz,27,98672
trms_mx_ari_email_arm_appeals_wrk_amz,24,12483
trms_mx_ari_concessionsabuserr_wrk_amz,22,115474
trms_mx_ari_nsrsou_wrk_amz,22,176381
trms_mx_ari_email_maa_emails_wrk_amz,21,93032
trms_mx_pi_ari_claims_atoz_ari_abuse_abc_wrk_amz,16,38087
trms_mx_ari_dnr_concessions_abuse_wrk_amz,12,359530
trms_mx_ari_barsconcessionabuse_wrk_amz,11,356908
trms_mx_ari_high_risk_accinvestigation_wrk_amz,9,379041
trms_mx_ari_afnrefundapproval_wrk_amz,8,11633
trms_mx_ari_email_dsappeal_wrk_amz,7,4014513
trms_mx_ari_email_ari_rcr_wrk_amz,6,27544
trms_mx_ari_email_contra_ari_wrk_amz,5,34456
trms_mx_ari_email_dnr_emails_wrk_amz,4,100677
trms_mx_ari_afnhighriskrefundapproval_wrk_amz,3,28050
trms_mx_ari_afnrrefundapproval_wrk_amz,3,896627
trms_mx_ari_sellerinitiatedrefund_wrk_amz,3,11729
trms_mx_ari_email_mfn_emails_wrk_amz,1,36437
trms_br_ari_mfnegregious_wrk_amz,612,1104155
trms_br_ari_dnr_concessions_abuse_wrk_amz,281,421509
trms_br_ari_email_suspect_abuse_wrk_amz,258,379033
trms_br_ari_buyer_claims_abuse_wrk_amz,81,412842
trms_br_ari_concessionsabuse_flrreferrals_wrk_amz,58,124475
trms_br_ari_acclinkageinvestigation_wrk_amz,49,335509
trms_br_ari_nsr_concessions_abuse_wrk_amz,44,414936
trms_br_ari_email_arm_appeals_wrk_amz,36,93243
trms_br_ari_email_ofm_wrk_amz,35,97792
trms_br_pi_ari_claims_atoz_ari_abuse_abc_wrk_amz,33,39349
trms_br_ari_email_maa_emails_wrk_amz,32,95319
trms_br_ari_concessionsabuserr_wrk_amz,30,115930
trms_br_ari_afnrefundapproval_wrk_amz,25,11113
trms_br_ari_barsconcessionabuse_wrk_amz,19,372708
trms_br_ari_email_dnr_emails_wrk_amz,14,101195
trms_br_ari_email_contra_ari_wrk_amz,13,100780
trms_br_ari_sellerinitiatedrefund_wrk_amz,10,12049
trms_br_ari_concessions_abuse_risky_orders_wrk_amz,7,8507
trms_br_ari_email_ari_rcr_wrk_amz,6,28449
trms_br_ari_afnhighriskrefundapproval_wrk_amz,5,39826
trms_br_ari_email_ari_esc_wrk_amz,3,182214
trms_br_ari_in_transit_wrk_amz,3,274951
trms_br_ari_concessionsabusepfocpersona_wrk_amz,1,188758
trms_br_ari_email_buyer_returns_wrk_amz,1,14656
trms_br_ari_high_risk_accinvestigation_wrk_amz,1,262738
trms_us_ari_afnhigh_risk_refund_approval_wrk_amz,197,44495
trms_au_ari_in_transit_wrk_amz,99,353974
trms_au_ari_acclinkageinvestigation_wrk_amz,91,354159
trms_au_ari_dnr_concessions_abuse_wrk_amz,71,405170
trms_au_ari_email_suspect_abuse_wrk_amz,53,145648
trms_au_ari_nsr_concessions_abuse_wrk_amz,27,404757
trms_au_ari_drop_ship_abuse_referrals_wrk_amz,25,87823
trms_au_ari_email_arm_appeals_wrk_amz,24,27886
trms_au_ari_email_ofm_wrk_amz,24,56797
trms_au_ari_nsrsou_wrk_amz,22,176358
trms_au_ari_buyer_claims_abuse_wrk_amz,19,323095
trms_au_ari_afnrefundapproval_wrk_amz,16,18767
trms_au_ari_concessionsabuse_flrreferrals_wrk_amz,16,187404
trms_au_ari_afnhighriskrefundapproval_wrk_amz,14,21673
trms_au_ari_email_ari_rcr_wrk_amz,9,53786
trms_au_ari_mfnegregious_wrk_amz,7,110497
trms_au_ari_email_buyer_claims_wrk_amz,6,49751
trms_au_ari_psi_transfer_concession_level_wrk_amz,6,2678915
trms_au_ari_afn_holistic_refund_approval_wrk_amz,3,28671
trms_au_ari_afnrrefundapproval_wrk_amz,3,896629
trms_au_ari_email_dnr_emails_wrk_amz,3,29155
trms_au_ari_email_maa_emails_wrk_amz,3,42882
trms_au_ari_email_pna_appeals_wrk_amz,2,2933691
trms_au_ari_armholisticrefundapproval_wrk_amz,1,15205
trms_au_ari_email_ari_esc_wrk_amz,1,23386
trms_au_ari_email_contra_ari_wrk_amz,1,58444
trms_au_ari_psi_transfer_riskyorder_wrk_amz,1,1879881
trms_jp_ari_barsconcessionabuse_wrk_amz,325,403526
trms_jp_ari_acclinkageinvestigation_wrk_amz,220,405196
trms_jp_ari_dnr_concessions_abuse_wrk_amz,141,403510
trms_jp_ari_buyerclaimsabuse_wrk_amz,78,400580
trms_jp_ari_nsr_concessions_abuse_wrk_amz,75,399804
trms_jp_ari_f3concessionsabuse_wrk_amz,72,395916
trms_jp_ari_abdrop_ship_abuse_referrals_wrk_amz,34,87876
trms_jp_ari_afnhighriskrefundapproval_wrk_amz,27,26103
trms_jp_ari_concessionsabuse_flrreferrals_wrk_amz,21,187716
trms_jp_ari_drop_ship_abuse_referrals_wrk_amz,20,87911
trms_jp_ari_psi_transfer_concession_level_wrk_amz,19,2747922
trms_jp_ari_afnrefundapproval_wrk_amz,13,28820
trms_jp_ari_email_cis_wrk_amz,12,51239
trms_jp_ari_in_transit_wrk_amz,10,385215
trms_jp_ari_mfnegregious_wrk_amz,10,110721
trms_jp_ari_qtylimit_wrk_amz,10,10559
trms_jp_pi_ari_claims_atoz_ari_abuse_abc_wrk_amz,10,10221
trms_jp_ari_email_ari_rcr_wrk_amz,9,57055
trms_jp_ari_afn_holistic_refund_approval_wrk_amz,8,15903
trms_jp_ari_email_maa_emails_wrk_amz,8,49328
trms_jp_ari_nsrsou_wrk_amz,6,176357
trms_jp_ari_b2b_concessionsabuse_wrk_amz,5,2304929
trms_jp_ari_afnrrefundapproval_wrk_amz,3,896630
trms_jp_ari_email_contra_ari_wrk_amz,3,57869
trms_jp_ari_trustedsellerreferral_wrk_amz,3,78401
trms_jp_ari_sellerinitiatedrefund_wrk_amz,2,22993
trms_jp_ari_email_qla_wrk_amz,1,30694
trms_jp_ari_psi_transfer_acc_level_wrk_amz,1,3125640
trms_jp_ari_psi_transfer_riskyorder_wrk_amz,1,213763
trms_sg_ari_acclinkageinvestigation_wrk_amz,48,354305
trms_sg_ari_f3concessionsabuse_wrk_amz,34,395915
trms_sg_ari_email_ofm_wrk_amz,16,60341
trms_sg_ari_dnr_concessions_abuse_wrk_amz,12,398349
trms_sg_ari_mfnegregious_wrk_amz,4,110206
trms_sg_ari_nsr_concessions_abuse_wrk_amz,4,377791
trms_sg_ari_afnrrefundapproval_wrk_amz,3,896630
trms_sg_ari_buyer_claims_abuse_wrk_amz,1,118482
trms_sg_ari_email_buyer_claims_wrk_amz,1,31546
trms_sg_ari_email_contra_ari_wrk_amz,1,23371
trms_sg_ari_in_transit_wrk_amz,1,60671
trms_uk_ari_acclinkageinvestigation_wrk_amz,1073,356113
trms_uk_ari_dnr_concessions_abuse_wrk_amz_2,782,202302
trms_uk_ari_psi_transfer_acc_level_wrk_amz,515,404228
trms_uk_ari_concessions_abuse_pfoc_persona_wrk_amz,418,42290
trms_uk_ari_email_arm_appeals_wrk_amz,334,126139
trms_uk_ari_f3concessionsabuse_wrk_amz,294,137842
trms_uk_ari_email_ofm_wrk_amz,267,98086
trms_uk_pi_ari_claims_atoz_ari_abuse_abc_wrk_amz,266,98750
trms_uk_ari_retrocharge_wrk_amz,248,105352
trms_uk_ari_highrisk_lvrefundapproval_wrk_amz,184,13197
trms_uk_ari_email_maa_emails_wrk_amz,182,120841
trms_uk_ari_mfnegregious_wrk_amz,125,1141709
trms_uk_ari_email_contra_ari_wrk_amz,106,97991
trms_uk_ari_afnbearsrefundapproval_wrk_amz,99,41706
trms_uk_ari_email_ari_esc_wrk_amz,79,383285
trms_uk_ari_email_dnr_emails_wrk_amz,77,94153
trms_uk_ari_concessionsabusecapdnrreferrals_wrk_amz,75,18756
trms_uk_ari_pdaconcessionsabuse_wrk_amz,74,115662
trms_uk_ari_cap_high_risk_wrk_amz,62,218763
trms_uk_ari_concessions_abuse_high_pri_capdnr_referrals_wrk_amz,59,18382
trms_uk_ari_afnrrefundapproval_wrk_amz,45,21281
trms_uk_ari_mdr_acc_investigation_high_risk_wrk_amz,43,389923
trms_uk_ari_sellerinitiatedrefund_wrk_amz,40,41853
trms_uk_ari_afn_holistic_refund_approval_wrk_amz,31,22048
trms_uk_ari_abdrop_ship_abuse_referrals_wrk_amz,25,88153
trms_uk_ari_email_buyer_returns_wrk_amz,20,93565
trms_uk_ari_email_ari_rcr_wrk_amz,13,36974
trms_uk_ari_in_transit_wrk_amz,12,19924
trms_uk_ari_armholisticrefundapproval_wrk_amz,10,22159
trms_uk_ari_email_aba_wrk_amz,9,34815
trms_uk_ari_email_neat_wrk_amz,9,52266
trms_uk_ari_email_mfn_emails_wrk_amz,8,96180
trms_uk_ari_pdarefundapproval_wrk_amz,7,41303
trms_uk_ari_nsr_concessions_abuse_wrk_amz,6,25596
trms_uk_ari_afn_flr_refund_approval_wrk_amz,4,21531
trms_uk_ari_mdr_acc_investigation_bau_wrk_amz,4,5864
trms_uk_ari_concessions_abuse_risky_mfn_orders_wrk_amz,2,1874
trms_uk_ari_pfw_high_risk_wrk_amz,2,3079
trms_uk_ari_concessionsabuseflrreferrals_intransit_wrk_amz,1,4369
trms_uk_ari_email_pna_appeals_wrk_amz,1,1160
trms_ae_ari_acclinkageinvestigation_wrk_amz,206,355908
trms_ae_ari_email_suspect_abuse_wrk_amz,179,418264
trms_ae_ari_dnr_concessions_abuse_wrk_amz,131,398913
trms_ae_ari_email_arm_appeals_wrk_amz,127,125620
trms_ae_ari_mfnegregious_wrk_amz,61,375513
trms_ae_ari_buyer_claims_abuse_wrk_amz,57,404707
trms_ae_ari_nsr_concessions_abuse_wrk_amz,46,401630
trms_ae_ari_concessionsabuse_flrreferrals_wrk_amz,45,185480
trms_ae_ari_email_contra_ari_wrk_amz,42,71984
trms_ae_ari_email_ofm_wrk_amz,41,91413
trms_ae_ari_mdr_cg_wrk_amz,27,2706053
trms_ae_ari_email_maa_emails_wrk_amz,14,117848
trms_ae_ari_afnhighriskrefundapproval_wrk_amz,11,39888
trms_ae_ari_email_ari_esc_wrk_amz,9,317365
trms_ae_ari_concessionsabuserr_wrk_amz,7,122834
trms_ae_pi_ari_claims_atoz_ari_abuse_abc_wrk_amz,7,56953
trms_ae_ari_nsrsou_wrk_amz,5,176356
trms_ae_ari_in_transit_wrk_amz,3,393838
trms_ae_ari_psi_transfer_concession_level_wrk_amz,3,2359289
trms_ae_ari_afn_holistic_refund_approval_wrk_amz,2,10118
trms_ae_ari_email_neat_wrk_amz,2,66578
trms_ae_ari_email_ari_rcr_wrk_amz,1,29702
trms_ae_ari_email_dnr_emails_wrk_amz,1,27482
trms_ae_ari_email_mfn_emails_wrk_amz,1,70005
trms_ae_ari_email_pna_appeals_wrk_amz,1,5132767
trms_ae_ari_sellerinitiatedrefund_wrk_amz,1,8969
trms_sa_ari_email_suspect_abuse_wrk_amz,372,414029
trms_sa_ari_acclinkageinvestigation_wrk_amz,128,355859
trms_sa_ari_dnr_concessions_abuse_wrk_amz,58,402035
trms_sa_ari_concessionsabuse_flrreferrals_wrk_amz,43,184581
trms_sa_ari_mfnegregious_wrk_amz,34,375933
trms_sa_ari_email_contra_ari_wrk_amz,30,88683
trms_sa_ari_email_maa_emails_wrk_amz,29,113788
trms_sa_ari_concessionsabuserr_wrk_amz,25,122777
trms_sa_ari_nsr_concessions_abuse_wrk_amz,25,391398
trms_sa_ari_afnhighriskrefundapproval_wrk_amz,22,41974
trms_sa_pi_ari_claims_atoz_ari_abuse_abc_wrk_amz,19,61558
trms_sa_ari_buyer_claims_abuse_wrk_amz,15,401489
trms_sa_ari_email_ofm_wrk_amz,15,95358
trms_sa_ari_email_arm_appeals_wrk_amz,9,29495
trms_sa_ari_in_transit_wrk_amz,6,371266
trms_sa_ari_afnrefundapproval_wrk_amz,3,11030
trms_sa_ari_email_ari_esc_wrk_amz,3,224713
trms_sa_ari_afn_holistic_refund_approval_wrk_amz,2,8174
trms_sa_ari_mdr_cg_wrk_amz,2,2692827
trms_sa_ari_afnrrefundapproval_wrk_amz,1,12865
trms_sa_ari_email_ari_rcr_wrk_amz,1,12758
trms_sa_ari_psi_transfer_concession_level_wrk_amz,1,2359183
trms_eg_ari_account_link_age_investigation_wrk_amz,1444,355519
trms_eg_ari_email_suspect_abuse_wrk_amz,1250,420219
trms_eg_ari_email_maa_emails_wrk_amz,350,118530
trms_eg_ari_email_arm_appeals_wrk_amz,276,126625
trms_eg_ari_email_contra_ari_wrk_amz,262,97714
trms_eg_ari_mfnegregious_wrk_amz,222,1104147
trms_eg_ari_dnrconcessionsabuse_wrk_amz,190,191641
trms_eg_ari_afn_holistic_refund_approval_wrk_amz,106,16753
trms_eg_ari_retrocharge_wrk_amz,102,109265
trms_eg_ari_concessionsabuse_flrreferrals_wrk_amz,101,184358
trms_eg_ari_afnhighriskrefundapproval_wrk_amz,95,42824
trms_eg_ari_email_ofm_wrk_amz,87,96846
trms_eg_ari_nsrconcessionsabuse_wrk_amz,29,184704
trms_eg_ari_concessionsabuserr_wrk_amz,18,122820
trms_eg_ari_mdr_cg_wrk_amz,13,2706531
trms_eg_ari_email_ari_esc_wrk_amz,10,377375
trms_eg_ari_highrisk_lvrefundapproval_wrk_amz,10,11877
trms_eg_ari_pfw_highrisk_wrk_amz,10,16246
trms_eg_ari_buyerclaimsabuse_wrk_amz,5,178553
trms_eg_ari_high_risk_accinvestigation_wrk_amz,5,317091
trms_eg_ari_in_transit_wrk_amz,4,318824
trms_eg_ari_afnrrefundapproval_wrk_amz,3,16171
trms_eg_ari_email_ari_rcr_wrk_amz,3,26773
trms_eg_ari_email_dnr_emails_wrk_amz,2,39359
trms_eg_ari_psi_transfer_concession_level_wrk_amz,2,2364001
trms_eg_ari_afn_refund_approval_wrk_amz,1,14874
trms_eg_ari_email_mfn_emails_wrk_amz,1,45208
trms_eg_ari_psi_transfer_acc_level_wrk_amz,1,2634474
trms_eg_ari_seller_initiated_refund_wrk_amz,1,14084
trms_de_ari_mdr_acc_investigation_bau_wrk_amz,2288,306800
trms_de_ari_psi_transfer_acc_level_wrk_amz,418,402435
trms_de_ari_acclinkageinvestigation_wrk_amz,417,355257
trms_de_ari_nsrsou_wrk_amz,309,176358
trms_de_ari_email_ofm_wrk_amz,249,97985
trms_de_pi_ari_claims_atoz_ari_abuse_abc_wrk_amz,226,68345
trms_de_ari_email_arm_appeals_wrk_amz,208,124562
trms_de_ari_mfnegregious_wrk_amz,162,1139250
trms_de_ari_nsr_concessions_abuse_wrk_amz,154,305942
trms_de_ari_pdaconcessionsabuse_wrk_amz,100,117527
trms_de_ari_concessionsabuserr_wrk_amz,85,226991
trms_de_ari_email_maa_emails_wrk_amz,60,119181
trms_de_ari_email_dnr_emails_wrk_amz,45,96601
trms_de_ari_concessions_abuse_cap_dnr_referrals_wrk_amz,44,29431
trms_de_ari_email_ari_esc_wrk_amz,42,378478
trms_de_ari_mdr_account_investigations_high_risk_wrk_amz,37,403420
trms_de_ari_email_contra_ari_wrk_amz,36,62717
trms_de_ari_cap_high_risk_wrk_amz,34,215297
trms_de_ari_afnrrefundapproval_wrk_amz,29,22624
trms_de_ari_afn_holistic_refund_approval_wrk_amz,22,22466
trms_de_ari_email_buyer_claims_abuse_wrk_amz,22,89830
trms_de_ari_email_buyer_returns_wrk_amz,22,73379
trms_de_ari_concessions_abuse_high_pri_capdnr_referrals_wrk_amz,19,30042
trms_de_ari_f3concessionsabuse_wrk_amz,13,137841
trms_de_ari_concessions_abuse_pfoc_persona_wrk_amz,12,24356
trms_de_ari_afnhighriskrefundapproval_wrk_amz,11,38752
trms_de_ari_sellerinitiatedrefund_wrk_amz,10,41037
trms_de_ari_email_aba_wrk_amz,9,38146
trms_de_ari_email_neat_wrk_amz,8,67947
trms_de_ari_email_rcr_wrk_amz,8,33062
trms_de_ari_afnrefundapproval_wrk_amz,7,21877
trms_de_ari_email_mfn_emails_wrk_amz,5,67800
trms_de_ari_afnbearsrefundapproval_wrk_amz,3,40910
trms_de_ari_pfw_highrisk_wrk_amz,2,13922
trms_de_ari_email_dsappeal_wrk_amz,1,15405
trms_de_ari_retrocharge_wrk_amz,1,28538
trms_es_ari_mdr_acc_investigation_bau_wrk_amz,428,306775
trms_es_ari_acclinkageinvestigation_wrk_amz,193,355418
trms_es_ari_email_ofm_wrk_amz,134,97015
trms_es_ari_nsrsou_wrk_amz,117,176357
trms_es_ari_mfnegregious_wrk_amz,114,1140710
trms_es_ari_psi_transfer_acc_level_wrk_amz,90,394548
trms_es_ari_nsr_concessions_abuse_wrk_amz,51,305758
trms_es_ari_email_arm_appeals_wrk_amz,48,125788
trms_es_ari_pdaconcessionsabuse_wrk_amz,45,115976
trms_es_pi_ari_claims_atoz_ari_abuse_abc_wrk_amz,45,69143
trms_es_ari_dnr_concessions_abuse_wrk_amz,41,148279
trms_es_ari_mdr_account_investigations_high_risk_wrk_amz,30,391371
trms_es_ari_email_maa_emails_wrk_amz,29,120665
trms_es_ari_f3concessionsabuse_wrk_amz,26,137841
trms_es_ari_afnhighriskrefundapproval_wrk_amz,25,42134
trms_es_ari_concessionsabuserr_wrk_amz,24,227269
trms_es_ari_concessions_abuse_cap_dnr_referrals_wrk_amz,20,29175
trms_es_ari_email_contra_ari_wrk_amz,17,60963
trms_es_ari_email_dnr_emails_wrk_amz,14,95236
trms_es_ari_email_ari_esc_wrk_amz,13,324890
trms_es_ari_buyer_returns_wrk_amz,9,89430
trms_es_ari_concessions_abuse_high_pri_capdnr_referrals_wrk_amz,8,29561
trms_es_ari_email_neat_wrk_amz,8,62115
trms_es_ari_afnbearsrefundapproval_wrk_amz,7,43189
trms_es_ari_afnrrefundapproval_wrk_amz,5,20432
trms_es_ari_cap_high_risk_wrk_amz,4,128196
trms_es_ari_email_ari_rcr_wrk_amz,4,29233
trms_es_ari_email_mfn_emails_wrk_amz,4,88359
trms_es_ari_email_aba_wrk_amz,3,39575
trms_es_ari_sellerinitiatedrefund_wrk_amz,3,33128
trms_es_ari_pdarefundapproval_wrk_amz,2,25961
trms_es_ari_afn_holistic_refund_approval_wrk_amz,1,16088
trms_es_ari_afnrefundapproval_wrk_amz,1,13363
trms_fr_ari_acclinkageinvestigation_wrk_amz,395,355560
trms_fr_ari_mdr_acc_investigation_bau_wrk_amz,322,306365
trms_fr_pi_ari_claims_atoz_ari_abuse_abc_wrk_amz,207,69445
trms_fr_ari_email_maa_emails_wrk_amz,170,120486
trms_fr_ari_mfnegregious_wrk_amz,165,1139251
trms_fr_ari_email_arm_appeals_wrk_amz,128,125015
trms_fr_ari_psi_transfer_acc_level_wrk_amz,95,344970
trms_fr_ari_nsrsou_wrk_amz,81,176358
trms_fr_ari_concessions_abuse_cap_dnr_referrals_wrk_amz,79,30161
trms_fr_ari_email_contra_ari_wrk_amz,77,97936
trms_fr_ari_pdaconcessionsabuse_wrk_amz,72,117793
trms_fr_ari_afnrefundapproval_wrk_amz,62,22654
trms_fr_ari_afnhighriskrefundapproval_wrk_amz,58,42907
trms_fr_ari_email_ofm_wrk_amz,57,90845
trms_fr_ari_email_dnr_emails_wrk_amz,38,97082
trms_fr_ari_concessionsabuserr_wrk_amz,32,227050
trms_fr_ari_cap_high_risk_wrk_amz,20,207457
trms_fr_ari_email_ari_esc_wrk_amz,14,381016
trms_fr_ari_mdr_account_investigations_high_risk_wrk_amz,14,386966
trms_fr_ari_dnr_concessions_abuse_wrk_amz,12,163507
trms_fr_ari_afnbearsrefundapproval_wrk_amz,10,46126
trms_fr_ari_concessions_abuse_high_pri_capdnr_referrals_wrk_amz,9,29982
trms_fr_ari_f3concessionsabuse_wrk_amz,7,137841
trms_fr_ari_afn_holistic_refund_approval_wrk_amz,5,21034
trms_fr_ari_email_mfn_emails_wrk_amz,5,64376
trms_fr_ari_psi_transfer_concession_level_wrk_amz,5,43447
trms_fr_ari_in_transit_wrk_amz,4,8792
trms_fr_ari_afnrrefundapproval_wrk_amz,3,20300
trms_fr_ari_concessionsabuseflrreferrals_intransit_wrk_amz,3,4268
trms_fr_ari_pfw_highrisk_wrk_amz,3,9595
trms_fr_ari_buyer_returns_wrk_amz,2,40680
trms_fr_ari_concessions_abuse_pfoc_persona_wrk_amz,2,13475
trms_fr_ari_email_ari_rcr_wrk_amz,2,10106
trms_fr_ari_email_neat_wrk_amz,2,43603
trms_fr_ari_email_buyer_claims_abuse_wrk_amz,1,54072
trms_fr_ari_email_internal_referrals_wrk_amz,1,121701
trms_it_ari_mdr_acc_investigation_bau_wrk_amz,519,306547
trms_it_ari_acclinkageinvestigation_wrk_amz,194,355433
trms_it_ari_email_ofm_wrk_amz,180,97683
trms_it_ari_mfnegregious_wrk_amz,114,1139248
trms_it_ari_nsrsou_wrk_amz,99,176358
trms_it_ari_psi_transfer_acc_level_wrk_amz,94,397409
trms_it_ari_pdaconcessionsabuse_wrk_amz,91,115973
trms_it_ari_email_maa_emails_wrk_amz,79,120979
trms_it_ari_email_arm_appeals_wrk_amz,74,123978
trms_it_ari_nsr_concessions_abuse_wrk_amz,68,306132
trms_it_pi_ari_claims_atoz_ari_abuse_abc_wrk_amz,60,66186
trms_it_ari_concessionsabuserr_wrk_amz,32,226983
trms_it_ari_afnhighriskrefundapproval_wrk_amz,30,42107
trms_it_ari_mdr_account_investigations_high_risk_wrk_amz,29,403832
trms_it_ari_email_gbi_wrk_amz,21,1662828
trms_it_ari_concessions_abuse_cap_dnr_referrals_wrk_amz,20,29510
trms_it_ari_email_contra_ari_wrk_amz,19,68679
trms_it_ari_email_ari_esc_wrk_amz,18,377302
trms_it_ari_buyer_returns_wrk_amz,16,96115
trms_it_ari_f3concessionsabuse_wrk_amz,11,137841
trms_it_ari_afnbearsrefundapproval_wrk_amz,9,42377
trms_it_ari_email_dnr_emails_wrk_amz,9,97677
trms_it_ari_email_neat_wrk_amz,8,74556
trms_it_ari_dnr_concessions_abuse_wrk_amz,7,141546
trms_it_ari_afn_holistic_refund_approval_wrk_amz,6,16092
trms_it_ari_cap_high_risk_wrk_amz,6,200579
trms_it_ari_email_ari_rcr_wrk_amz,6,35856
trms_it_ari_in_transit_wrk_amz,4,8470
trms_it_ari_pdarefundapproval_wrk_amz,4,31096
trms_it_ari_concessions_abuse_high_pri_capdnr_referrals_wrk_amz,3,29036
trms_it_ari_pfw_highrisk_wrk_amz,2,12763
trms_it_ari_sellerinitiatedrefund_wrk_amz,2,37883
trms_it_ari_abdrop_ship_abuse_referrals_wrk_amz,1,88135
trms_it_ari_concessions_abuse_pfoc_persona_wrk_amz,1,16839
trms_it_ari_email_internal_referrals_wrk_amz,1,45422
trms_it_ari_email_pna_appeals_wrk_amz,1,10324
trms_it_ari_psi_transfer_concession_level_wrk_amz,1,31706
trms_be_ari_email_suspect_abuse_wrk_amz,168,409628
trms_be_ari_buyerclaimsabuse_wrk_amz,165,403569
trms_be_ari_dnrconcessions_abuse_wrk_amz,84,402541
trms_be_ari_accountlinkageinvestigation_wrk_amz,79,356101
trms_be_ari_email_ofm_wrk_amz,46,92759
trms_be_ari_mfn_egregious_wrk_amz,38,1104611
trms_be_ari_concessions_abuseflrreferrals_wrk_amz,15,184774
trms_be_ari_email_arm_appeals_wrk_amz,13,107575
trms_be_pi_ari_claims_atoz_ari_abuse_abc_wrk_amz,6,62263
trms_be_ari_in_transit_wrk_amz,4,283940
trms_be_ari_mdr_cg_wrk_amz,3,2683793
trms_be_ari_afnrefundapproval_wrk_amz,2,10265
trms_be_ari_email_ari_esc_wrk_amz,1,160472
trms_be_ari_email_maa_emails_wrk_amz,1,10958
trms_be_ari_nsrconcessions_abuse_wrk_amz,1,281368
trms_za_ari_nsrconcessions_abuse_wrk_amz,2,401202
trms_za_ari_email_suspect_abuse_wrk_amz,1,139678
trms_nl_ari_email_suspect_abuse_wrk_amz,240,408202
trms_nl_ari_acclinkageinvestigation_wrk_amz,114,355759
trms_nl_ari_dnr_concessions_abuse_wrk_amz,107,403276
trms_nl_ari_mfnegregious_wrk_amz,45,1104460
trms_nl_ari_concessionsabuse_flrreferrals_wrk_amz,34,185203
trms_nl_ari_email_arm_appeals_wrk_amz,29,120735
trms_nl_pi_ari_claims_atoz_ari_abuse_abc_wrk_amz,18,62564
trms_nl_ari_nsrsou_wrk_amz,10,176357
trms_nl_ari_email_maa_emails_wrk_amz,8,118251
trms_nl_ari_buyer_claims_abuse_wrk_amz,7,317715
trms_nl_ari_email_ofm_wrk_amz,7,68313
trms_nl_ari_mdr_acc_investigation_bau_wrk_amz,7,917063
trms_nl_ari_email_ari_esc_wrk_amz,6,320594
trms_nl_ari_email_neat_wrk_amz,6,43093
trms_nl_ari_in_transit_wrk_amz,6,366672
trms_nl_ari_mdr_cg_wrk_amz,5,2661135
trms_nl_ari_psi_transfer_concession_level_wrk_amz,5,2476949
trms_nl_ari_concessionsabuserr_wrk_amz,4,122923
trms_nl_ari_afnrefundapproval_wrk_amz,3,14761
trms_nl_ari_email_contra_ari_wrk_amz,3,48373
trms_nl_ari_email_dnr_emails_wrk_amz,3,91718
trms_nl_ari_high_risk_accinvestigation_wrk_amz,2,211124
trms_nl_ari_afnhighriskrefundapproval_wrk_amz,1,42187
trms_nl_ari_email_ari_rcr_wrk_amz,1,37455
trms_nl_ari_email_buyer_claims_wrk_amz,1,68100
trms_nl_ari_nsr_concessions_abuse_wrk_amz,1,173460
trms_pl_ari_email_suspect_abuse_wrk_amz,172,406515
trms_pl_ari_account_link_age_investigation_wrk_amz,81,355629
trms_pl_ari_email_arm_appeals_wrk_amz,69,126659
trms_pl_ari_nsr_concessions_abuse_wrk_amz,46,405036
trms_pl_ari_concessionsabuse_flrreferrals_wrk_amz,24,185563
trms_pl_ari_buyer_claims_abuse_wrk_amz,23,400522
trms_pl_ari_mfnegregious_wrk_amz,23,1104162
trms_pl_ari_mdr_acc_investigation_bau_wrk_amz,14,996142
trms_pl_ari_email_maa_emails_wrk_amz,13,112556
trms_pl_ari_in_transit_wrk_amz,12,398537
trms_pl_ari_nsrsou_wrk_amz,12,176357
trms_pl_ari_dnr_concessions_abuse_wrk_amz,10,398093
trms_pl_pi_ari_claims_atoz_ari_abuse_abc_wrk_amz,7,44589
trms_pl_ari_afnhighriskrefundapproval_wrk_amz,6,38598
trms_pl_ari_email_ofm_wrk_amz,5,64404
trms_pl_ari_email_contra_ari_wrk_amz,4,64202
trms_pl_ari_concessionsabuserr_wrk_amz,3,122921
trms_pl_ari_email_qla_wrk_amz,2,15505
trms_pl_ari_high_risk_accinvestigation_wrk_amz,1,267812
trms_pl_ari_psi_transfer_concession_level_wrk_amz,1,2633085
trms_in_ari_concessionsabusecaprrreferrals_wrk_amz,6051,234824
trms_in_ari_concessions_abuse_pre_returns_referrals_wrk_amz,5829,238296
trms_in_ari_concessionsabusecapdnrreferrals_wrk_amz,3508,234878
trms_in_ari_concession_abuse_cap_mdr_referrals_wrk_amz,3080,234876
trms_in_ari_in_transit_wrk_amz,1482,405144
trms_in_ari_acclinkageinvestigation_wrk_amz,1015,355485
trms_in_ari_email_ofm_wrk_amz,750,83230
trms_in_ari_dnr_concessions_abuse_wrk_amz,546,404487
trms_in_ari_mfnegregious_wrk_amz,463,1104585
trms_in_ari_email_contra_ari_wrk_amz,201,84542
trms_in_ari_email_ari_esc_wrk_amz,90,385378
trms_in_ari_b2b_concessionsabuse_wrk_amz,81,2855201
trms_in_ari_email_arm_appeals_wrk_amz,73,63444
trms_in_ari_email_ari_rcr_wrk_amz,71,37289
trms_in_ari_email_buyer_returns_wrk_amz,71,81359
trms_in_ari_email_neat_wrk_amz,55,79561
trms_in_ari_f3concessionsabuse_wrk_amz,41,137840
trms_in_ari_email_dnr_emails_wrk_amz,24,82258
trms_in_amazonpay_email_cashload_abuse_wrk_amz,10,4642236
trms_in_ari_concessionsabusecapfreshreferrals_wrk_amz,8,23849
trms_in_ari_concessionsabusecaprwpreferrals_wrk_amz,8,10060
trms_in_pi_ari_claims_atoz_ari_abuse_abc_wrk_amz,3,22573
trms_in_ari_email_slp_referral_wrk_amz,2,4546796
trms_in_email_ari_lastword_wrk_amz,2,77190
trms_in_ari_email_in_email_spam_wrk_amz,1,72367
trms_in_ari_email_qla_wrk_amz,1,12562
trms_in_ari_psi_transfer_acc_level_wrk_amz,1,439296
trms_se_ari_email_suspect_abuse_wrk_amz,107,409235
trms_se_ari_acclinkageinvestigation_wrk_amz,49,356260
trms_se_ari_nsr_concessions_abuse_wrk_amz,35,402459
trms_se_ari_buyer_claims_abuse_wrk_amz,28,402745
trms_se_ari_dnr_concessions_abuse_wrk_amz,23,400590
trms_se_ari_mfnegregious_wrk_amz,19,1104487
trms_se_ari_concessionsabuse_flrreferrals_wrk_amz,14,184583
trms_se_ari_mdr_acc_investigation_bau_wrk_amz,10,917775
trms_se_pi_ari_claims_atoz_ari_abuse_abc_wrk_amz,10,62169
trms_se_ari_email_arm_appeals_wrk_amz,5,101915
trms_se_ari_nsrsou_wrk_amz,5,176355
trms_se_ari_in_transit_wrk_amz,4,317367
trms_se_ari_afnrrefundapproval_wrk_amz,3,896632
trms_se_ari_email_ofm_wrk_amz,3,62076
trms_se_ari_email_maa_emails_wrk_amz,2,60820
trms_se_ari_email_dnr_emails_wrk_amz,1,9363
trms_se_ari_high_risk_accinvestigation_wrk_amz,1,111792
trms_se_ari_mdr_cg_wrk_amz,1,149536
trms_se_ari_psi_transfer_concession_level_wrk_amz,1,3483663
trms_tr_ari_acclinkageinvestigation_wrk_amz,142,356199
trms_tr_ari_email_suspect_abuse_wrk_amz,137,413009
trms_tr_ari_mfnegregious_wrk_amz,48,1104314
trms_tr_ari_email_ofm_wrk_amz,43,95516
trms_tr_ari_email_contra_ari_wrk_amz,34,97790
trms_tr_ari_dnr_concessions_abuse_wrk_amz,27,404022
trms_tr_pi_ari_claims_atoz_ari_abuse_abc_wrk_amz,18,62491
trms_tr_ari_concessionsabuse_flrreferrals_wrk_amz,15,184763
trms_tr_ari_concessionsabuserr_wrk_amz,9,378824
trms_tr_ari_buyer_claims_abuse_wrk_amz,7,61621
trms_tr_ari_email_arm_appeals_wrk_amz,7,108780
trms_tr_ari_email_ari_esc_wrk_amz,3,308883
trms_tr_ari_email_maa_emails_wrk_amz,3,31649
trms_tr_ari_in_transit_wrk_amz,3,362358
trms_tr_ari_mdr_cg_wrk_amz,2,2697677
trms_tr_ari_email_ari_rcr_wrk_amz,1,21135
trms_tr_ari_email_dnr_emails_wrk_amz,1,50602
trms_tr_ari_email_qla_wrk_amz,1,13884
trms_tr_ari_psi_transfer_concession_level_wrk_amz,1,2037845

